dataset,aggregate_type,delta,median_epsilon,MAPE,SMAPE
BPIC12,AggregateType.AVG,0.01,0.0015992800065734833,1.8353877285080984,0.40254361812190426
BPIC12,AggregateType.AVG,0.05,0.0061907359971968695,0.568659866738674,0.1815114350805015
BPIC12,AggregateType.AVG,0.1,0.01144180136196199,0.3197031794138055,0.11404692518090434
BPIC12,AggregateType.AVG,0.2,0.0204564753356001,0.233786896273423,0.08313184183531415
BPIC12,AggregateType.AVG,0.3,0.029244792824266418,0.1878451868720782,0.06446777054051112
BPIC12,AggregateType.AVG,0.4,0.03823605034622795,0.17389970230946344,0.056521077878231143
BPIC12,AggregateType.AVG,0.5,0.04916683653771803,0.135511792443767,0.04875308754633364
BPIC12,AggregateType.AVG,0.6,0.05956704413274254,0.12206653952217852,0.04373164925506372
BPIC12,AggregateType.AVG,0.7,0.08058669178367896,0.11575902548920816,0.041186709261219305
BPIC12,AggregateType.AVG,0.8,0.11311178659509283,0.09103332949626475,0.0333426559626221
BPIC12,AggregateType.AVG,0.9,0.2690979920082502,0.10166085568215051,0.03258936228443445
BPIC12,AggregateType.FREQ,0.01,0.04000133341333913,3.6656754678004595,0.2807600267885645
BPIC12,AggregateType.FREQ,0.05,0.20016691711396528,0.7159893230173839,0.12697036190763974
BPIC12,AggregateType.FREQ,0.1,0.40134139092430254,0.3468663156932217,0.08778505126235717
BPIC12,AggregateType.FREQ,0.2,0.810930216216329,0.17259453878756667,0.05375932144566435
BPIC12,AggregateType.FREQ,0.3,1.2380784168124461,0.09760954937336566,0.03601855961660806
BPIC12,AggregateType.FREQ,0.4,1.6945957207744073,0.07178754252950473,0.028573813598726166
BPIC12,AggregateType.FREQ,0.5,2.197224577336219,0.07578890351635086,0.027465628494937493
BPIC12,AggregateType.FREQ,0.6,2.772588722239781,0.050204253284479125,0.02067278190162091
BPIC12,AggregateType.FREQ,0.7,3.4692021107762123,0.04394544635311552,0.01801397078228365
BPIC12,AggregateType.FREQ,0.8,4.394449154672437,0.03154235818003475,0.013805307713757445
BPIC12,AggregateType.FREQ,0.9,5.888877958332883,0.023176341799338713,0.010340734366149603
BPIC12,AggregateType.MAX,0.01,0.008146245694235133,24.536935954467207,1.090774863762703
BPIC12,AggregateType.MAX,0.05,0.03774593299129838,5.140267445873283,0.7236911718905106
BPIC12,AggregateType.MAX,0.1,0.06604170013288979,2.684037795477603,0.5460788822321041
BPIC12,AggregateType.MAX,0.2,0.11658762730000186,1.4217010311488598,0.39615932002795906
BPIC12,AggregateType.MAX,0.3,0.17068210863775438,0.9716100283385039,0.31273747393222817
BPIC12,AggregateType.MAX,0.4,0.21923783160469618,0.6947345339652928,0.2449718173964162
BPIC12,AggregateType.MAX,0.5,0.30946058294036055,0.5781516765148643,0.2162790363819389
BPIC12,AggregateType.MAX,0.6,0.40020179509239473,0.450112371554744,0.17548194892351937
BPIC12,AggregateType.MAX,0.7,0.5162709065068601,0.34981166884105797,0.14093503989009196
BPIC12,AggregateType.MAX,0.8,0.7076514612319852,0.2614031351220702,0.10981968697682884
BPIC12,AggregateType.MAX,0.9,1.1770683954736045,0.17847417771083485,0.07746441492447279
BPIC12,AggregateType.MIN,0.01,1.5579621870616462e-05,163817048.25555944,1.523753697830382
BPIC12,AggregateType.MIN,0.05,7.31544187756746e-05,34481775.988051794,1.4472684357283605
BPIC12,AggregateType.MIN,0.1,0.00013031602463903005,22734057.688848127,1.4186759355215914
BPIC12,AggregateType.MIN,0.2,0.0002167532216327789,14073814.386538366,1.3624526822451326
BPIC12,AggregateType.MIN,0.3,0.0002930053100126711,8745630.46680789,1.3529184665229925
BPIC12,AggregateType.MIN,0.4,0.0003635251515069306,7192475.183227802,1.3327942222148508
BPIC12,AggregateType.MIN,0.5,0.0005057079155352485,5619141.511946181,1.2891761782653992
BPIC12,AggregateType.MIN,0.6,0.0009488156554808178,4559194.151608852,1.2239260298320616
BPIC12,AggregateType.MIN,0.7,0.0029199520180328707,3575829.542698073,1.1503042429269121
BPIC12,AggregateType.MIN,0.8,0.07199247192786037,2759747.031418103,1.0263296265915158
BPIC12,AggregateType.MIN,0.9,0.3056535418138862,1890302.7308021076,0.9210659019613582
BPIC12,AggregateType.SUM,0.01,0.2750788391492282,2.5889292871850564,0.3639817034286051
BPIC12,AggregateType.SUM,0.05,0.8972766374624086,0.6372196235867682,0.16128099421523737
BPIC12,AggregateType.SUM,0.1,1.5552263680946063,0.30571368447173003,0.10266588460639296
BPIC12,AggregateType.SUM,0.2,2.722668224077903,0.18562468602562193,0.06605640770337089
BPIC12,AggregateType.SUM,0.3,3.1500527239659974,0.12616865466511248,0.051893532216380454
BPIC12,AggregateType.SUM,0.4,4.407461954885023,0.10383691387257091,0.04344921493106087
BPIC12,AggregateType.SUM,0.5,6.14863688435414,0.07299187929156967,0.03226543366701631
BPIC12,AggregateType.SUM,0.6,7.2969498229287755,0.06859700631512539,0.030101144907433458
BPIC12,AggregateType.SUM,0.7,11.238148969543888,0.049153395701903926,0.022371028933356005
BPIC12,AggregateType.SUM,0.8,47.70548729742642,0.03618253512300658,0.016664783859471767
BPIC12,AggregateType.SUM,0.9,179.71347131776835,0.02505681129826675,0.011667578855186971
BPIC13,AggregateType.AVG,0.01,0.0003133586618347192,38.532857795473106,1.4382973455981518
BPIC13,AggregateType.AVG,0.05,0.0006423208017000782,10.65687807734239,1.0320046372261886
BPIC13,AggregateType.AVG,0.1,0.0010906853226748954,9.26202805493256,0.8719071513678791
BPIC13,AggregateType.AVG,0.2,0.0021797847804688043,6.855882185339082,0.7591551816356521
BPIC13,AggregateType.AVG,0.3,0.00336460930909879,5.618008609133586,0.6172613088791199
BPIC13,AggregateType.AVG,0.4,0.004065013547990464,4.81919995502796,0.6400911896961263
BPIC13,AggregateType.AVG,0.5,0.0043284207264086385,4.78810833154578,0.6485083030379989
BPIC13,AggregateType.AVG,0.6,0.004592106751007513,4.284087798149995,0.5514154383998102
BPIC13,AggregateType.AVG,0.7,0.004879790726711698,5.077468664166922,0.6263164952754162
BPIC13,AggregateType.AVG,0.8,0.006157013440364046,4.0137551321700276,0.5163383111379913
BPIC13,AggregateType.AVG,0.9,0.008017262336530162,3.8843601317265324,0.5475580431438617
BPIC13,AggregateType.FREQ,0.01,0.04000133341333913,2.018546450018147,0.2571260364374677
BPIC13,AggregateType.FREQ,0.05,0.20016691711396528,0.5185945547189739,0.13661455630246216
BPIC13,AggregateType.FREQ,0.1,0.40134139092430254,0.2225869896147267,0.07781276861094918
BPIC13,AggregateType.FREQ,0.2,0.810930216216329,0.11435930422611149,0.047341504738950886
BPIC13,AggregateType.FREQ,0.3,1.2380784168124461,0.09572462747184884,0.03854138567808001
BPIC13,AggregateType.FREQ,0.4,1.6945957207744073,0.03762108169045631,0.017748218045328723
BPIC13,AggregateType.FREQ,0.5,2.197224577336219,0.04056610353704211,0.018236712380647196
BPIC13,AggregateType.FREQ,0.6,2.772588722239781,0.032643038345733476,0.015375250725578766
BPIC13,AggregateType.FREQ,0.7,3.4692021107762123,0.021767549634172816,0.0103567673242658
BPIC13,AggregateType.FREQ,0.8,4.394449154672437,0.019814507258675805,0.009601326343068328
BPIC13,AggregateType.FREQ,0.9,5.888877958332883,0.015190280397898794,0.007372396263144565
BPIC13,AggregateType.MAX,0.01,0.007319512912297335,20.67674006535773,1.0055250568096274
BPIC13,AggregateType.MAX,0.05,0.034358876414591406,3.5798679894809085,0.6202825756890619
BPIC13,AggregateType.MAX,0.1,0.05471270165424867,2.1215157625539582,0.5134733479124981
BPIC13,AggregateType.MAX,0.2,0.07451959205144551,1.5475284590050997,0.4123227285901817
BPIC13,AggregateType.MAX,0.3,0.08835831972143766,0.8347969228845068,0.2812442057830965
BPIC13,AggregateType.MAX,0.4,0.09996468514665834,0.7924653384178665,0.28335440754261537
BPIC13,AggregateType.MAX,0.5,0.11078249787839464,0.5858008930642212,0.22572732491794595
BPIC13,AggregateType.MAX,0.6,0.12175226954550702,0.3947714322424923,0.16196561070777493
BPIC13,AggregateType.MAX,0.7,0.13390173964262855,0.39423847366193304,0.16111097417519774
BPIC13,AggregateType.MAX,0.8,0.20439682587606461,0.3114864764511532,0.13301716156857663
BPIC13,AggregateType.MAX,0.9,0.22253572753505,0.2243752417023764,0.09910034793354563
BPIC13,AggregateType.MIN,0.01,1.1873935112510056e-07,43213608.97720738,1.9991056430547425
BPIC13,AggregateType.MIN,0.05,1.7842244491668841e-07,10622909.074406806,1.9975491389234974
BPIC13,AggregateType.MIN,0.1,3.0296814518747106e-07,8019909.3435889315,1.9907820885480256
BPIC13,AggregateType.MIN,0.2,6.054957723524458e-07,5280005.4357004315,1.9852076747383016
BPIC13,AggregateType.MIN,0.3,9.346136969718863e-07,4565444.98886294,1.9876066998186068
BPIC13,AggregateType.MIN,0.4,1.129170429997351e-06,4851448.360171169,1.977057243418426
BPIC13,AggregateType.MIN,0.5,1.2023390906690663e-06,3653054.518075199,1.9558462913649648
BPIC13,AggregateType.MIN,0.6,1.275585208613198e-06,3670825.0296767084,1.7679787469629737
BPIC13,AggregateType.MIN,0.7,1.355497424086583e-06,3640455.8255365267,1.7630580729345275
BPIC13,AggregateType.MIN,0.8,1.710281511212235e-06,2915769.8209492215,1.6278921881093364
BPIC13,AggregateType.MIN,0.9,2.2270173157028233e-06,3079678.4542383747,1.6314963473396908
BPIC13,AggregateType.SUM,0.01,0.23820203913868648,6.970190382840423,0.5286972023846743
BPIC13,AggregateType.SUM,0.05,0.40801225369989125,1.110010288878589,0.24647910996159883
BPIC13,AggregateType.SUM,0.1,0.48823518063582216,0.6208267681319966,0.18121509290438437
BPIC13,AggregateType.SUM,0.2,0.7937306332910908,0.3846443473337521,0.12469999691982107
BPIC13,AggregateType.SUM,0.3,1.210342445667647,0.24049674170206461,0.08885930559145575
BPIC13,AggregateType.SUM,0.4,1.6571097869996123,0.16414148393833866,0.06705610822246157
BPIC13,AggregateType.SUM,0.5,2.1480134413767504,0.12967555008649892,0.057352265826740176
BPIC13,AggregateType.SUM,0.6,5.134104546558695,0.06379195856530624,0.028899362647328276
BPIC13,AggregateType.SUM,0.7,5.493265552707981,0.058009863480212184,0.02679911438582371
BPIC13,AggregateType.SUM,0.8,6.4835454826363605,0.02058355680380755,0.010061596081237963
BPIC13,AggregateType.SUM,0.9,7.766014231718161,0.01969435060346136,0.009588590214249782
BPIC15,AggregateType.AVG,0.01,inf,0.00791384758870961,0.003879641809497722
BPIC15,AggregateType.AVG,0.05,inf,0.0019500892730261253,0.0009684388757210643
BPIC15,AggregateType.AVG,0.1,inf,0.001169558128758306,0.0005817409618508947
BPIC15,AggregateType.AVG,0.2,inf,0.0007401285097818337,0.000368274582936555
BPIC15,AggregateType.AVG,0.3,inf,0.0005765938190922797,0.0002869062542633867
BPIC15,AggregateType.AVG,0.4,inf,0.0004686885494401908,0.00023345471779475058
BPIC15,AggregateType.AVG,0.5,inf,0.000405078396063454,0.000201730654267336
BPIC15,AggregateType.AVG,0.6,inf,0.0003502123845889572,0.00017435859176711865
BPIC15,AggregateType.AVG,0.7,inf,0.00030779142995616753,0.0001532132405572295
BPIC15,AggregateType.AVG,0.8,inf,0.00025183898157190546,0.00012537930890623824
BPIC15,AggregateType.AVG,0.9,inf,0.0002037332827006134,0.00010146499054895174
BPIC15,AggregateType.FREQ,0.01,0.04000133341333913,30.221636439416365,1.3456349965080336
BPIC15,AggregateType.FREQ,0.05,0.20016691711396528,6.172525364657799,0.8482545294664622
BPIC15,AggregateType.FREQ,0.1,0.40134139092430254,3.025014978467701,0.6165152548699172
BPIC15,AggregateType.FREQ,0.2,0.810930216216329,1.5075173468676293,0.4168625493236875
BPIC15,AggregateType.FREQ,0.3,1.2380784168124461,0.9783093914983418,0.31489171134419197
BPIC15,AggregateType.FREQ,0.4,1.6945957207744073,0.7142483650963448,0.2507956164687472
BPIC15,AggregateType.FREQ,0.5,2.197224577336219,0.551400126035004,0.2063146480878763
BPIC15,AggregateType.FREQ,0.6,2.772588722239781,0.44497233044683127,0.17423134749286856
BPIC15,AggregateType.FREQ,0.7,3.4692021107762123,0.35168185957735953,0.14392205619892245
BPIC15,AggregateType.FREQ,0.8,4.394449154672437,0.27824651340928924,0.11794642953172452
BPIC15,AggregateType.FREQ,0.9,5.888877958332883,0.20614567997029826,0.09081684750081526
BPIC15,AggregateType.MAX,0.01,inf,8.873357052113,0.3878569632572214
BPIC15,AggregateType.MAX,0.05,inf,1.8931223295636237,0.2588170400515194
BPIC15,AggregateType.MAX,0.1,inf,0.9593254141494996,0.19590196361696044
BPIC15,AggregateType.MAX,0.2,inf,0.5058494697882956,0.1387859569416766
BPIC15,AggregateType.MAX,0.3,inf,0.33478110870359845,0.10761401253602496
BPIC15,AggregateType.MAX,0.4,inf,0.24816932956784604,0.08684836740511008
BPIC15,AggregateType.MAX,0.5,inf,0.1567955402034039,0.0580924556058847
BPIC15,AggregateType.MAX,0.6,inf,0.11713085557689781,0.045898202208455405
BPIC15,AggregateType.MAX,0.7,inf,0.07649713068235117,0.03119726197058457
BPIC15,AggregateType.MAX,0.8,inf,0.045738248391787965,0.01920868317379347
BPIC15,AggregateType.MAX,0.9,inf,0.022435215513673994,0.009787069839131638
BPIC15,AggregateType.MIN,0.01,inf,1283666.7782725114,0.7356910971991862
BPIC15,AggregateType.MIN,0.05,inf,277645.4281889331,0.5746816615851815
BPIC15,AggregateType.MIN,0.1,inf,144922.99801640018,0.589669018106658
BPIC15,AggregateType.MIN,0.2,inf,85666.7495252115,0.4719808603998132
BPIC15,AggregateType.MIN,0.3,inf,58482.36418082949,0.6130998946107353
BPIC15,AggregateType.MIN,0.4,inf,48205.72028329836,0.9001884157038651
BPIC15,AggregateType.MIN,0.5,inf,33447.0679003838,0.4570354177204005
BPIC15,AggregateType.MIN,0.6,inf,31896.738568670895,0.3083017314185493
BPIC15,AggregateType.MIN,0.7,inf,22292.898944959205,0.21281701358945337
BPIC15,AggregateType.MIN,0.8,inf,13099.434890853152,0.16335307776908722
BPIC15,AggregateType.MIN,0.9,inf,9482.344919998894,0.12888095092525734
BPIC15,AggregateType.SUM,0.01,inf,5.601419826927727,0.3336593135122989
BPIC15,AggregateType.SUM,0.05,inf,1.181383913010602,0.19807516449507928
BPIC15,AggregateType.SUM,0.1,inf,0.6127529748373718,0.14457742301208104
BPIC15,AggregateType.SUM,0.2,inf,0.31590913735249415,0.09766095219315521
BPIC15,AggregateType.SUM,0.3,inf,0.21656904982788122,0.07527347780124667
BPIC15,AggregateType.SUM,0.4,inf,0.15533243405231925,0.05843404239910871
BPIC15,AggregateType.SUM,0.5,inf,0.09103695927818958,0.03606959441970207
BPIC15,AggregateType.SUM,0.6,inf,0.07072291738721932,0.02919572025820777
BPIC15,AggregateType.SUM,0.7,inf,0.04524192398494607,0.019305845341802193
BPIC15,AggregateType.SUM,0.8,inf,0.02658595193524658,0.011614693481056981
BPIC15,AggregateType.SUM,0.9,inf,0.012396839347109407,0.005592114205948356
BPIC17,AggregateType.AVG,0.01,0.0007908246235864855,2.2270844169978523,0.41057466535505516
BPIC17,AggregateType.AVG,0.05,0.0035651694131582567,0.6913655052261187,0.1713878549700745
BPIC17,AggregateType.AVG,0.1,0.005957264514572213,0.4473576857888462,0.12761731002294147
BPIC17,AggregateType.AVG,0.2,0.011366953725283018,0.34784960356549843,0.09590099849809078
BPIC17,AggregateType.AVG,0.3,0.015560569683531669,0.2786124604769153,0.0790409047893302
BPIC17,AggregateType.AVG,0.4,0.02021579544905153,0.2622060689754925,0.0705733300455165
BPIC17,AggregateType.AVG,0.5,0.026392645683880105,0.24437048951498247,0.06587689288815682
BPIC17,AggregateType.AVG,0.6,0.033953632928562814,0.22575915859205722,0.059624841658856384
BPIC17,AggregateType.AVG,0.7,0.04697619998502058,0.2124629761281777,0.05618192976047772
BPIC17,AggregateType.AVG,0.8,0.06429323348017815,0.16577105418126142,0.050388180469308
BPIC17,AggregateType.AVG,0.9,0.2525676039828699,0.13058471472766936,0.04129216655203473
BPIC17,AggregateType.FREQ,0.01,0.04000133341333913,7.247227220008613,0.48465897809988184
BPIC17,AggregateType.FREQ,0.05,0.20016691711396528,1.3019455736356733,0.24237784662525058
BPIC17,AggregateType.FREQ,0.1,0.40134139092430254,0.611276983495344,0.1575674736254593
BPIC17,AggregateType.FREQ,0.2,0.810930216216329,0.3433093086627347,0.10535529528584138
BPIC17,AggregateType.FREQ,0.3,1.2380784168124461,0.22720460248773106,0.07783177197616445
BPIC17,AggregateType.FREQ,0.4,1.6945957207744073,0.17108789269022678,0.06428483060836751
BPIC17,AggregateType.FREQ,0.5,2.197224577336219,0.13357307828689916,0.05248217544198882
BPIC17,AggregateType.FREQ,0.6,2.772588722239781,0.10263516503469224,0.04204409471564255
BPIC17,AggregateType.FREQ,0.7,3.4692021107762123,0.07552248476688486,0.03238835523787166
BPIC17,AggregateType.FREQ,0.8,4.394449154672437,0.06443180513229943,0.027868565547026956
BPIC17,AggregateType.FREQ,0.9,5.888877958332883,0.04571349829783601,0.02057478838642293
BPIC17,AggregateType.MAX,0.01,0.008970625613907891,23.939058937994627,1.0764610944479194
BPIC17,AggregateType.MAX,0.05,0.03600450050623726,5.132621814758891,0.7196529571039987
BPIC17,AggregateType.MAX,0.1,0.059144929726339265,2.629286753677551,0.5489206918709293
BPIC17,AggregateType.MAX,0.2,0.10181343298630308,1.386956290453158,0.3973874004726715
BPIC17,AggregateType.MAX,0.3,0.1618390481410801,0.977250154505454,0.31613823728815615
BPIC17,AggregateType.MAX,0.4,0.19839170482988402,0.7010101998989803,0.24817292649144057
BPIC17,AggregateType.MAX,0.5,0.25309066697975074,0.5147416226222244,0.19628162600652493
BPIC17,AggregateType.MAX,0.6,0.3918178518876047,0.4245163483414848,0.1666285653015791
BPIC17,AggregateType.MAX,0.7,0.4713754698906617,0.3544565740508593,0.14409526509918086
BPIC17,AggregateType.MAX,0.8,1.0463804924246267,0.25400032309011156,0.10690775197780615
BPIC17,AggregateType.MAX,0.9,25.177966717204153,0.16135291978966254,0.07016362231332215
BPIC17,AggregateType.MIN,0.01,9.405544562551693e-06,16625112.797550345,1.6611835470998488
BPIC17,AggregateType.MIN,0.05,3.217779789730985e-05,10370161.419311453,1.6192415444402808
BPIC17,AggregateType.MIN,0.1,4.421803804806924e-05,5790036.497205475,1.604718363739515
BPIC17,AggregateType.MIN,0.2,5.033712432867553e-05,5937805.918744158,1.5547011390862777
BPIC17,AggregateType.MIN,0.3,5.7484273217799154e-05,6040681.326255289,1.5263937056979895
BPIC17,AggregateType.MIN,0.4,7.929259401023367e-05,3586820.074474559,1.4976558051601885
BPIC17,AggregateType.MIN,0.5,0.0003425995296678883,3564278.303242256,1.4410413967490587
BPIC17,AggregateType.MIN,0.6,0.000403532839592692,3512178.709075907,1.387918111072231
BPIC17,AggregateType.MIN,0.7,0.0005762973673645716,3957989.8208145304,1.3214992529685687
BPIC17,AggregateType.MIN,0.8,0.00201606917387391,2381368.1931581153,1.217629358948284
BPIC17,AggregateType.MIN,0.9,0.09835443798649725,2804898.638146772,0.933944330427137
BPIC17,AggregateType.SUM,0.01,0.1897039596722618,6.442065070993641,0.5396256096616231
BPIC17,AggregateType.SUM,0.05,0.8595234696451917,1.3632110756325782,0.276355335248254
BPIC17,AggregateType.SUM,0.1,1.5009452010632018,0.6255847119187219,0.18259783091241702
BPIC17,AggregateType.SUM,0.2,2.1265939071845876,0.36353510993749694,0.12406384946615563
BPIC17,AggregateType.SUM,0.3,2.9495962711792036,0.2607307523143614,0.09857652650521095
BPIC17,AggregateType.SUM,0.4,3.464845566548159,0.18942257364396906,0.07605774305137251
BPIC17,AggregateType.SUM,0.5,8.712937236639732,0.11931540082835772,0.051405818670223744
BPIC17,AggregateType.SUM,0.6,13.56727216139527,0.10125732528172429,0.04370240907873115
BPIC17,AggregateType.SUM,0.7,18.555063335266677,0.06505358381808013,0.02944761831521503
BPIC17,AggregateType.SUM,0.8,51.656074106650195,0.0442517495160487,0.02059229862686288
BPIC17,AggregateType.SUM,0.9,393.95269176544167,0.026889219524822865,0.012493896810551592
BPIC20,AggregateType.AVG,0.01,0.001429951621278003,0.2301493299177962,0.08776699616413931
BPIC20,AggregateType.AVG,0.05,0.006296194064650757,0.050825968476582925,0.022853468053506645
BPIC20,AggregateType.AVG,0.1,0.011679438330170377,0.0288583709359096,0.013538407354924004
BPIC20,AggregateType.AVG,0.2,0.021340407693853484,0.015900387181575,0.007652923360510162
BPIC20,AggregateType.AVG,0.3,0.029787373980130614,0.01245276442018744,0.0059625219000901345
BPIC20,AggregateType.AVG,0.4,0.04017443949537579,0.009236677806909583,0.00447348442622285
BPIC20,AggregateType.AVG,0.5,0.12084453225513678,0.008072974396139049,0.0038875908787567985
BPIC20,AggregateType.AVG,0.6,0.6753413756363703,0.006398936250174835,0.003119183730156129
BPIC20,AggregateType.AVG,0.7,inf,0.00625979455641641,0.0029844977029208552
BPIC20,AggregateType.AVG,0.8,inf,0.005152637778005669,0.002454710624412777
BPIC20,AggregateType.AVG,0.9,inf,0.003396656442588667,0.0016456398315672165
BPIC20,AggregateType.FREQ,0.01,0.04000133341333913,20.24333228452198,1.0716006802706566
BPIC20,AggregateType.FREQ,0.05,0.20016691711396528,4.196315020632609,0.6309612823639792
BPIC20,AggregateType.FREQ,0.1,0.40134139092430254,2.109780372343942,0.4533337589132162
BPIC20,AggregateType.FREQ,0.2,0.810930216216329,1.0866451451810983,0.3068088014539807
BPIC20,AggregateType.FREQ,0.3,1.2380784168124461,0.681586549650797,0.22438559946561792
BPIC20,AggregateType.FREQ,0.4,1.6945957207744073,0.5159570671761193,0.18380945557767303
BPIC20,AggregateType.FREQ,0.5,2.197224577336219,0.3804385294667822,0.14489247290279933
BPIC20,AggregateType.FREQ,0.6,2.772588722239781,0.30112504853528393,0.12094899979935728
BPIC20,AggregateType.FREQ,0.7,3.4692021107762123,0.2340528424512657,0.09713070488013778
BPIC20,AggregateType.FREQ,0.8,4.394449154672437,0.18967267276100805,0.08128428609367723
BPIC20,AggregateType.FREQ,0.9,5.888877958332883,0.14895961195930613,0.0658842668210345
BPIC20,AggregateType.MAX,0.01,0.008783902558688734,24.035104698908125,0.969576712314144
BPIC20,AggregateType.MAX,0.05,0.03959747504394364,4.978554508238782,0.6508007079916391
BPIC20,AggregateType.MAX,0.1,0.07332750995589696,2.558701744606273,0.5001493076441585
BPIC20,AggregateType.MAX,0.2,0.14095242898295632,1.3119724835291915,0.35044553156280156
BPIC20,AggregateType.MAX,0.3,0.20973815871469764,0.8488308195790483,0.2677814956904053
BPIC20,AggregateType.MAX,0.4,0.28841925814627895,0.627899861145579,0.21788977347664984
BPIC20,AggregateType.MAX,0.5,0.4891672951347815,0.4269297818380838,0.1574021546885344
BPIC20,AggregateType.MAX,0.6,1.0214033809277312,0.3163903859042988,0.12267825342166598
BPIC20,AggregateType.MAX,0.7,inf,0.2090480085388995,0.0844671110836817
BPIC20,AggregateType.MAX,0.8,inf,0.12129805636643679,0.050235691938390246
BPIC20,AggregateType.MAX,0.9,inf,0.060274584413181696,0.026316247372280895
BPIC20,AggregateType.MIN,0.01,0.0003436180269600925,4027105.1106856363,1.2890323397587737
BPIC20,AggregateType.MIN,0.05,0.0016522708831285472,1332676.41304481,1.2563383313753351
BPIC20,AggregateType.MIN,0.1,0.0032467006598148286,808605.509439003,1.2113636004723904
BPIC20,AggregateType.MIN,0.2,0.00639673920703019,678517.7572610064,1.1676452994526236
BPIC20,AggregateType.MIN,0.3,0.009825214437006501,532157.5621655897,1.1033967433895655
BPIC20,AggregateType.MIN,0.4,0.013929358577201432,638840.3831169137,1.0847573579614256
BPIC20,AggregateType.MIN,0.5,0.0264084843472148,556751.677719667,0.9283726961149077
BPIC20,AggregateType.MIN,0.6,0.36450340794815866,400781.72230067645,1.2246028164483005
BPIC20,AggregateType.MIN,0.7,inf,271758.37460427097,0.6881921583753563
BPIC20,AggregateType.MIN,0.8,inf,409565.03173010045,0.5133841277478579
BPIC20,AggregateType.MIN,0.9,inf,411154.2314843511,0.3569765417846706
BPIC20,AggregateType.SUM,0.01,0.02988451367535729,9.548589751316527,0.6746252655276097
BPIC20,AggregateType.SUM,0.05,0.12370846832135121,1.9735250897340078,0.37449843879298184
BPIC20,AggregateType.SUM,0.1,0.2146215163143237,1.0243090843413065,0.26513372630493093
BPIC20,AggregateType.SUM,0.2,0.38397715741348665,0.523819978140032,0.17177972957941534
BPIC20,AggregateType.SUM,0.3,0.5041558526723735,0.348974820663797,0.12851982470491674
BPIC20,AggregateType.SUM,0.4,0.7086709949972352,0.24363834942784884,0.09665906721035399
BPIC20,AggregateType.SUM,0.5,3.2970200854281098,0.14902578156395332,0.062413979695932875
BPIC20,AggregateType.SUM,0.6,85.78463665255484,0.11180782702069196,0.04793066689256006
BPIC20,AggregateType.SUM,0.7,inf,0.06324876922618758,0.02811343018705814
BPIC20,AggregateType.SUM,0.8,inf,0.034351241716491836,0.015621145266389127
BPIC20,AggregateType.SUM,0.9,inf,0.012827937660257815,0.006055677874708286
CCC19,AggregateType.AVG,0.01,inf,0.5116309940071784,0.17700353980649586
CreditReq,AggregateType.AVG,0.01,0.0006284510288746592,103.09783230947173,1.8359471220701618
CreditReq,AggregateType.AVG,0.05,0.0028902088370092423,27.05117613493831,1.5484287764044096
CreditReq,AggregateType.AVG,0.1,0.0053177096276915544,12.847513245827773,1.2282735539914904
CreditReq,AggregateType.AVG,0.2,0.009426227024462566,8.655141735708089,1.0573398566433405
CreditReq,AggregateType.AVG,0.3,0.013060355151285008,7.8643025071165455,1.0575229689074452
CreditReq,AggregateType.AVG,0.4,0.016584471870448224,5.951598010926506,0.9014829304605015
CreditReq,AggregateType.AVG,0.5,0.020298702960156012,4.412935393733337,0.8345078347345204
CreditReq,AggregateType.AVG,0.6,0.024618854108722277,5.210616151727171,0.8507810691157637
CreditReq,AggregateType.AVG,0.7,0.03050456524020493,3.7654457290228978,0.6901850411125712
CreditReq,AggregateType.AVG,0.8,0.039080199998052775,2.783456978117915,0.6561355721204546
CreditReq,AggregateType.AVG,0.9,0.05313600762136296,2.911735797052537,0.6172491706313703
CreditReq,AggregateType.FREQ,0.01,0.04000133341333913,0.0048166751005986035,0.0024022498176274917
CreditReq,AggregateType.FREQ,0.05,0.20016691711396528,0.0009462709968106147,0.00047290222988075043
CreditReq,AggregateType.FREQ,0.1,0.40134139092430254,0.00042329210752993057,0.00021160799660664974
CreditReq,AggregateType.FREQ,0.2,0.810930216216329,0.0002278845797324171,0.00011392873938416447
CreditReq,AggregateType.FREQ,0.3,1.2380784168124461,0.00014826402016684896,7.412689823034616e-05
CreditReq,AggregateType.FREQ,0.4,1.6945957207744073,0.00012257135439404292,6.128159920917185e-05
CreditReq,AggregateType.FREQ,0.5,2.197224577336219,8.489843209959097e-05,4.244737939197812e-05
CreditReq,AggregateType.FREQ,0.6,2.772588722239781,6.345336861720609e-05,3.172562234620399e-05
CreditReq,AggregateType.FREQ,0.7,3.4692021107762123,5.7745063969600054e-05,2.887171170261287e-05
CreditReq,AggregateType.FREQ,0.8,4.394449154672437,4.761426589512888e-05,2.3806613214818525e-05
CreditReq,AggregateType.FREQ,0.9,5.888877958332883,3.313278218146185e-05,1.6566115005378668e-05
CreditReq,AggregateType.MAX,0.01,0.025664372719762123,16.079090578353615,1.2356922230033764
CreditReq,AggregateType.MAX,0.05,0.10917585600273219,3.9093164362891066,0.7921060988556579
CreditReq,AggregateType.MAX,0.1,0.1883009937295308,2.568129780842095,0.6020074811747664
CreditReq,AggregateType.MAX,0.2,0.30751871145335924,1.405868561580304,0.421997176647953
CreditReq,AggregateType.MAX,0.3,0.40327795194482896,1.036025660614664,0.35307406905298205
CreditReq,AggregateType.MAX,0.4,0.4900054623120228,0.8817865789506032,0.321040919216744
CreditReq,AggregateType.MAX,0.5,0.5757536956608639,0.7329627553637196,0.26701755507255415
CreditReq,AggregateType.MAX,0.6,0.668013835060665,0.648026444060212,0.24688575815741762
CreditReq,AggregateType.MAX,0.7,0.7784696538336224,0.5497118307752777,0.22069855558659635
CreditReq,AggregateType.MAX,0.8,1.012179081043392,0.5003979259427142,0.20501135396581338
CreditReq,AggregateType.MAX,0.9,1.3184662795099624,0.3043033146266341,0.1326744851691675
CreditReq,AggregateType.MIN,0.01,1.7822481055390363e-05,11029.493529542433,1.9935652530413286
CreditReq,AggregateType.MIN,0.05,7.581656666856402e-05,3634.4854879408995,1.9738377906452225
CreditReq,AggregateType.MIN,0.1,0.00013076457897884082,1342.042421478362,1.9648881604337447
CreditReq,AggregateType.MIN,0.2,0.00021355466073149943,1043.5672983818274,1.928908757589412
CreditReq,AggregateType.MIN,0.3,0.00028005413329502016,867.0288513141732,1.9417164460756493
CreditReq,AggregateType.MIN,0.4,0.0003402815710500159,545.8476464554532,1.8972571195225285
CreditReq,AggregateType.MIN,0.5,0.0003998289553200444,456.0355227398718,1.8850969785336826
CreditReq,AggregateType.MIN,0.6,0.0004638984965699063,376.86137299782376,1.8853440609811603
CreditReq,AggregateType.MIN,0.7,0.0005406039262733489,419.48411879554214,1.805255318761576
CreditReq,AggregateType.MIN,0.8,0.0007029021396134667,289.2877778835695,1.8341617551419045
CreditReq,AggregateType.MIN,0.9,0.0009156015829930293,222.57632278167367,1.8488680470484957
CreditReq,AggregateType.SUM,0.01,0.5648597968661494,0.06579674250772136,0.03198169060694657
CreditReq,AggregateType.SUM,0.05,2.080950362646654,0.01670092049556086,0.008290518341755664
CreditReq,AggregateType.SUM,0.1,3.8287509319379183,0.010514234046613904,0.005219786642505095
CreditReq,AggregateType.SUM,0.2,6.786883457613046,0.006779475572313863,0.003379394824823687
CreditReq,AggregateType.SUM,0.3,9.403455708925206,0.005203706825739661,0.002594036619087791
CreditReq,AggregateType.SUM,0.4,11.940819746722719,0.0037027332019299733,0.0018481710486433107
CreditReq,AggregateType.SUM,0.5,14.615066131312327,0.002666716576385885,0.0013313921656593203
CreditReq,AggregateType.SUM,0.6,17.725574958280042,0.0023263272736979805,0.0011611555138547989
CreditReq,AggregateType.SUM,0.7,21.963286972947543,0.0029322000468454514,0.0014634902930913823
CreditReq,AggregateType.SUM,0.8,28.13774399859799,0.001913590053514282,0.0009555644925996649
CreditReq,AggregateType.SUM,0.9,38.257925487381335,0.0020576496378780875,0.0010273411054979036
Hospital,AggregateType.AVG,0.01,inf,0.003262608477365933,0.0015754886958754314
Hospital,AggregateType.AVG,0.05,inf,0.0007619791950298808,0.000374799890538728
Hospital,AggregateType.AVG,0.1,inf,0.00046883264319731504,0.00023000434319742565
Hospital,AggregateType.AVG,0.2,inf,0.00025002165499808025,0.00012327067659008206
Hospital,AggregateType.AVG,0.3,inf,0.0002059023819534896,0.00010106157368943224
Hospital,AggregateType.AVG,0.4,inf,0.00020100799036479113,9.619807870410458e-05
Hospital,AggregateType.AVG,0.5,inf,0.00016545782601586103,7.983267471093436e-05
Hospital,AggregateType.AVG,0.6,inf,0.00013267125613228523,6.48413068710133e-05
Hospital,AggregateType.AVG,0.7,inf,0.0001035967723639114,5.120998103986961e-05
Hospital,AggregateType.AVG,0.8,inf,9.710078055038307e-05,4.745972989678626e-05
Hospital,AggregateType.AVG,0.9,inf,6.905148903064927e-05,3.3978911099958234e-05
Hospital,AggregateType.FREQ,0.01,0.04000133341333913,28.96060330349576,1.2903024640962883
Hospital,AggregateType.FREQ,0.05,0.20016691711396528,5.737465229027168,0.7977012336245972
Hospital,AggregateType.FREQ,0.1,0.40134139092430254,2.8668869171608327,0.5824275907674397
Hospital,AggregateType.FREQ,0.2,0.810930216216329,1.4098818671705582,0.39279817867998296
Hospital,AggregateType.FREQ,0.3,1.2380784168124461,0.9389387237963465,0.29971884185676106
Hospital,AggregateType.FREQ,0.4,1.6945957207744073,0.6767799237998486,0.23793497894142282
Hospital,AggregateType.FREQ,0.5,2.197224577336219,0.5229820746482189,0.1959146255582313
Hospital,AggregateType.FREQ,0.6,2.772588722239781,0.4146496427782823,0.16300366628062943
Hospital,AggregateType.FREQ,0.7,3.4692021107762123,0.3300133434217652,0.1349411136038953
Hospital,AggregateType.FREQ,0.8,4.394449154672437,0.2633913537949832,0.1116780591517175
Hospital,AggregateType.FREQ,0.9,5.888877958332883,0.19755898895959395,0.08689320896651045
Hospital,AggregateType.MAX,0.01,inf,3.6358077885622544,0.1473989328752238
Hospital,AggregateType.MAX,0.05,inf,0.7598294663027103,0.0994295175325198
Hospital,AggregateType.MAX,0.1,inf,0.38591088877565,0.07556992509709247
Hospital,AggregateType.MAX,0.2,inf,0.19465324308479495,0.05269605493858607
Hospital,AggregateType.MAX,0.3,inf,0.12704600438711147,0.04030313373519675
Hospital,AggregateType.MAX,0.4,inf,0.08705909043547858,0.030730813106270405
Hospital,AggregateType.MAX,0.5,inf,0.05455731843621022,0.020251164916723692
Hospital,AggregateType.MAX,0.6,inf,0.04074287615207638,0.01580659986624277
Hospital,AggregateType.MAX,0.7,inf,0.024775260931213485,0.010048984405196465
Hospital,AggregateType.MAX,0.8,inf,0.013825345683863621,0.005809391851071698
Hospital,AggregateType.MAX,0.9,inf,0.006470301398638289,0.002838230042675224
Hospital,AggregateType.MIN,0.01,inf,148.5405971078163,0.2860156403467869
Hospital,AggregateType.MIN,0.05,inf,28.656105940199524,0.2768503604037629
Hospital,AggregateType.MIN,0.1,inf,16.09539397724472,0.3899630493998547
Hospital,AggregateType.MIN,0.2,inf,7.5795945714303326,0.23132769091782376
Hospital,AggregateType.MIN,0.3,inf,5.31128655820258,0.19537086601556264
Hospital,AggregateType.MIN,0.4,inf,3.934396533949607,0.3018887542107562
Hospital,AggregateType.MIN,0.5,inf,2.999822281080916,0.24295326194583916
Hospital,AggregateType.MIN,0.6,inf,2.2182052571167956,0.15438470178765132
Hospital,AggregateType.MIN,0.7,inf,1.5144091430181348,0.12712509374324482
Hospital,AggregateType.MIN,0.8,inf,1.1192168233941617,0.08862809249177298
Hospital,AggregateType.MIN,0.9,inf,0.7265195226320588,0.06623977884010016
Hospital,AggregateType.SUM,0.01,inf,1.7830184523731785,0.11651065359796878
Hospital,AggregateType.SUM,0.05,inf,0.3713236076097273,0.06672496947692845
Hospital,AggregateType.SUM,0.1,inf,0.19333205733767422,0.04669160215041502
Hospital,AggregateType.SUM,0.2,inf,0.10002203369213776,0.031457095369304376
Hospital,AggregateType.SUM,0.3,inf,0.06567811812615994,0.023301578292111307
Hospital,AggregateType.SUM,0.4,inf,0.044535703291468186,0.017104841503822854
Hospital,AggregateType.SUM,0.5,inf,0.02441749740596689,0.009858090502311614
Hospital,AggregateType.SUM,0.6,inf,0.01852849372764132,0.007810578065795664
Hospital,AggregateType.SUM,0.7,inf,0.010842192350647414,0.004722362170295027
Hospital,AggregateType.SUM,0.8,inf,0.0055360188213291455,0.002432935224580617
Hospital,AggregateType.SUM,0.9,inf,0.0027560598456316783,0.0012367263173980268
Sepsis,AggregateType.AVG,0.01,0.0013333833750451445,1.488104312649362,0.3924317631501029
Sepsis,AggregateType.AVG,0.05,0.00600910716914521,0.33731758751274943,0.13120161527442684
Sepsis,AggregateType.AVG,0.1,0.013246867902796892,0.18679218252051877,0.080349456177059
Sepsis,AggregateType.AVG,0.2,0.022986530456891027,0.09875184362244359,0.04512803780641367
Sepsis,AggregateType.AVG,0.3,0.030407044340453097,0.06669738738428388,0.031165414832341726
Sepsis,AggregateType.AVG,0.4,0.04443287201614149,0.05784151257633752,0.026752456279428433
Sepsis,AggregateType.AVG,0.5,0.06933402933644318,0.04566907854845918,0.021457203368409047
Sepsis,AggregateType.AVG,0.6,0.10946031256464098,0.03554241328847822,0.0169634653958527
Sepsis,AggregateType.AVG,0.7,0.12472708223415266,0.027714261110589566,0.01329750314781901
Sepsis,AggregateType.AVG,0.8,0.4844751973014566,0.023817308755541285,0.011271691447654452
Sepsis,AggregateType.AVG,0.9,inf,0.020167717610679602,0.00930946612238957
Sepsis,AggregateType.FREQ,0.01,0.04000133341333913,10.387949539902134,0.7139478441178182
Sepsis,AggregateType.FREQ,0.05,0.20016691711396528,2.2454454591038004,0.36446811109353827
Sepsis,AggregateType.FREQ,0.1,0.40134139092430254,0.9975015629685945,0.24307507493681366
Sepsis,AggregateType.FREQ,0.2,0.810930216216329,0.5335712547063232,0.1601879682593256
Sepsis,AggregateType.FREQ,0.3,1.2380784168124461,0.30187682547195693,0.1079277799056056
Sepsis,AggregateType.FREQ,0.4,1.6945957207744073,0.25703417061574285,0.09646252767007965
Sepsis,AggregateType.FREQ,0.5,2.197224577336219,0.20746425666342044,0.08043008857300431
Sepsis,AggregateType.FREQ,0.6,2.772588722239781,0.14784733674669107,0.060941777724040136
Sepsis,AggregateType.FREQ,0.7,3.4692021107762123,0.13532268280277182,0.05550294382996267
Sepsis,AggregateType.FREQ,0.8,4.394449154672437,0.10111777846705805,0.04405445081149868
Sepsis,AggregateType.FREQ,0.9,5.888877958332883,0.0721256993690803,0.032421138366712295
Sepsis,AggregateType.MAX,0.01,0.00661659799205306,30.73013861658982,1.2564394815940816
Sepsis,AggregateType.MAX,0.05,0.029127896729670387,6.204808114847846,0.8356511889436712
Sepsis,AggregateType.MAX,0.1,0.05847775607438187,3.337082823576213,0.6475533980223694
Sepsis,AggregateType.MAX,0.2,0.10677400187446803,1.7527571216954343,0.47282379360133325
Sepsis,AggregateType.MAX,0.3,0.1568926486547921,1.1191567400969356,0.3526344659282745
Sepsis,AggregateType.MAX,0.4,0.20662501890530655,0.8127838102410045,0.28089434172313477
Sepsis,AggregateType.MAX,0.5,0.28176625842345826,0.607400382628469,0.22429379167278646
Sepsis,AggregateType.MAX,0.6,0.4552678771567734,0.45853930974610435,0.17785041917949782
Sepsis,AggregateType.MAX,0.7,0.6684802998980002,0.36492486196261914,0.14725527187281703
Sepsis,AggregateType.MAX,0.8,2.7906479522098193,0.22143545008194382,0.09142315302504263
Sepsis,AggregateType.MAX,0.9,inf,0.11554722761838696,0.050790499361206165
Sepsis,AggregateType.MIN,0.01,3.2604184689241434e-05,71079.9392841532,1.6751410085834055
Sepsis,AggregateType.MIN,0.05,0.00014789089860008938,14848.548435716875,1.603831728761914
Sepsis,AggregateType.MIN,0.1,0.0002967934418849136,7558.731126945493,1.5823889320575997
Sepsis,AggregateType.MIN,0.2,0.0005715064160454004,5223.871226080952,1.545610883898235
Sepsis,AggregateType.MIN,0.3,0.0007731087851281184,3098.8736882764215,1.637086427215048
Sepsis,AggregateType.MIN,0.4,0.0010924831205501358,2582.3792365918202,1.4418585703362496
Sepsis,AggregateType.MIN,0.5,0.001790729076883635,2503.8767591113156,1.3964449532972707
Sepsis,AggregateType.MIN,0.6,0.0025705456114843593,1497.5168733512571,1.2709942422623781
Sepsis,AggregateType.MIN,0.7,0.003940548076679157,1385.736718322096,1.2883344864432162
Sepsis,AggregateType.MIN,0.8,1.1304834609083618,1158.2601640173805,0.9227023877575405
Sepsis,AggregateType.MIN,0.9,inf,926.2572399919654,0.7151977999374937
Sepsis,AggregateType.SUM,0.01,0.03499199441442991,6.879275608006838,0.7128441391905322
Sepsis,AggregateType.SUM,0.05,0.1601504000654623,1.439695265669606,0.33751592811172637
Sepsis,AggregateType.SUM,0.1,0.321153228860478,0.6954072357047558,0.22039010449054
Sepsis,AggregateType.SUM,0.2,0.6415142911530821,0.3678544596959563,0.13186459918297117
Sepsis,AggregateType.SUM,0.3,0.9226588201896521,0.28041989118213645,0.10673909342540062
Sepsis,AggregateType.SUM,0.4,1.3308640420303683,0.19661378982093625,0.08097674879636256
Sepsis,AggregateType.SUM,0.5,2.2819096564441663,0.12792881966911965,0.0546930538879757
Sepsis,AggregateType.SUM,0.6,2.9003085800168185,0.09426384910094161,0.042179833459444746
Sepsis,AggregateType.SUM,0.7,4.132028764651148,0.06849351213382608,0.03130467878131179
Sepsis,AggregateType.SUM,0.8,85.21850918601605,0.03294838620751108,0.015481212830555443
Sepsis,AggregateType.SUM,0.9,inf,0.018755989075320383,0.008931716010891004
Traffic,AggregateType.AVG,0.01,0.0005912744784367541,2.822039083254969,0.5145887494085012
Traffic,AggregateType.AVG,0.05,0.0029525682782750025,0.595738556619965,0.1930328990931328
Traffic,AggregateType.AVG,0.1,0.005924248827782482,0.3181429635599269,0.11919789161832688
Traffic,AggregateType.AVG,0.2,0.01127170758739665,0.1671641284342202,0.06786985717651602
Traffic,AggregateType.AVG,0.3,0.01643938615011931,0.11400783569744188,0.04948847688545217
Traffic,AggregateType.AVG,0.4,0.0220411666446923,0.08366241906033807,0.0370079531183244
Traffic,AggregateType.AVG,0.5,0.03228256876497627,0.0693137056441352,0.031238719635494815
Traffic,AggregateType.AVG,0.6,0.04875205570475699,0.04842843930280644,0.022247574754169278
Traffic,AggregateType.AVG,0.7,0.09384166047337876,0.04083497446937375,0.018068733121545368
Traffic,AggregateType.AVG,0.8,inf,0.028679272433031616,0.013386112799921893
Traffic,AggregateType.AVG,0.9,inf,0.021413144669564517,0.010091972657591186
Traffic,AggregateType.FREQ,0.01,0.04000133341333913,7.361496712778741,0.6054658714178308
Traffic,AggregateType.FREQ,0.05,0.20016691711396528,1.4750483109599284,0.30238001109559476
Traffic,AggregateType.FREQ,0.1,0.40134139092430254,0.6468755575000475,0.18839220762918324
Traffic,AggregateType.FREQ,0.2,0.810930216216329,0.3457895213869728,0.12186417247842381
Traffic,AggregateType.FREQ,0.3,1.2380784168124461,0.26943994644391733,0.09969863818522258
Traffic,AggregateType.FREQ,0.4,1.6945957207744073,0.1740541492590767,0.07056409544693046
Traffic,AggregateType.FREQ,0.5,2.197224577336219,0.1293497460238306,0.05512120115023198
Traffic,AggregateType.FREQ,0.6,2.772588722239781,0.10406556510427303,0.04479772795248472
Traffic,AggregateType.FREQ,0.7,3.4692021107762123,0.10034791583823152,0.042897748888620066
Traffic,AggregateType.FREQ,0.8,4.394449154672437,0.07321134448059899,0.032508914483361274
Traffic,AggregateType.FREQ,0.9,5.888877958332883,0.04967011788310932,0.02306086749279465
Traffic,AggregateType.MIN,0.01,3.2887233762353345e-05,5950.838514522506,1.628817080159679
Traffic,AggregateType.MIN,0.05,0.0001588946418525966,1110.429681656699,1.9167355129535
Traffic,AggregateType.MIN,0.1,0.0003078059345749208,12400295.37571071,1.5456705098267731
Traffic,AggregateType.MIN,0.3,0.000943062945647755,21272899.376599796,2.5729065540878704
Traffic,AggregateType.MIN,0.4,0.0014020960571822572,15598947.582094269,1.868052485114158
Traffic,AggregateType.SUM,0.01,0.014225518215658761,6.3797311542570085,0.5619456170685607
Traffic,AggregateType.SUM,0.05,0.07039106721042221,1.3912093665079512,0.28870631235677513
Traffic,AggregateType.SUM,0.1,0.14483022572308793,0.6251883265476457,0.18067466584838526
Traffic,AggregateType.SUM,0.2,0.3096956436836507,0.36779957827848736,0.12365142271746273
Traffic,AggregateType.SUM,0.3,0.43700183232580103,0.22535194240341666,0.08716103188280334
Traffic,AggregateType.SUM,0.4,0.5841628061673256,0.17359767140777468,0.06928089836119437
Traffic,AggregateType.SUM,0.5,1.0842917832475487,0.11068705550570675,0.04658716851702346
Traffic,AggregateType.SUM,0.6,1.9983956051449,0.07597491246319324,0.03265172170419461
Traffic,AggregateType.SUM,0.7,6.82346211837624,0.05535446487842549,0.024363772267271766
Traffic,AggregateType.SUM,0.8,inf,0.023099116855306627,0.010425709023660638
Traffic,AggregateType.SUM,0.9,inf,0.007468173563218434,0.0035997816978087993
Unrineweginfectie,AggregateType.AVG,0.01,inf,6.29740364653615,0.45947154102506893
Unrineweginfectie,AggregateType.AVG,0.05,inf,1.40013220827542,0.2913702460114368
Unrineweginfectie,AggregateType.AVG,0.1,inf,1.0260532529324669,0.23876196484256398
Unrineweginfectie,AggregateType.AVG,0.2,inf,0.38625957413115425,0.12623648507033874
Unrineweginfectie,AggregateType.AVG,0.3,inf,0.4396279732700964,0.14636549881831942
Unrineweginfectie,AggregateType.AVG,0.4,inf,0.3264908740235151,0.11197964040960859
Unrineweginfectie,AggregateType.AVG,0.5,inf,0.2867045407899017,0.10235257359348374
Unrineweginfectie,AggregateType.AVG,0.6,inf,0.2443516783065832,0.0826529234868641
Unrineweginfectie,AggregateType.AVG,0.7,inf,0.23194978513121392,0.08426994101846016
Unrineweginfectie,AggregateType.AVG,0.8,inf,0.19420397724560967,0.07519650090600853
Unrineweginfectie,AggregateType.AVG,0.9,inf,0.15674714078421711,0.053116512732240405
Unrineweginfectie,AggregateType.FREQ,0.01,0.04000133341333913,8.36989950073559,0.5961885805347789
Unrineweginfectie,AggregateType.FREQ,0.05,0.20016691711396528,2.048373033858242,0.32439245856899684
Unrineweginfectie,AggregateType.FREQ,0.1,0.40134139092430254,0.597159236470239,0.18502625854457627
Unrineweginfectie,AggregateType.FREQ,0.2,0.810930216216329,0.4517740778008135,0.13466163008541454
Unrineweginfectie,AggregateType.FREQ,0.3,1.2380784168124461,0.3465717541295629,0.10716673957498576
Unrineweginfectie,AggregateType.FREQ,0.4,1.6945957207744073,0.24012112905347452,0.08577541533055025
Unrineweginfectie,AggregateType.FREQ,0.5,2.197224577336219,0.12914110159200873,0.05199982254840831
Unrineweginfectie,AggregateType.FREQ,0.6,2.772588722239781,0.12952390573848951,0.05039434558236925
Unrineweginfectie,AggregateType.FREQ,0.7,3.4692021107762123,0.0903148546369998,0.03889840777199367
Unrineweginfectie,AggregateType.FREQ,0.8,4.394449154672437,0.0778842337672553,0.03296331561840925
Unrineweginfectie,AggregateType.FREQ,0.9,5.888877958332883,0.05103856858308947,0.022898096704611653
Unrineweginfectie,AggregateType.MAX,0.01,inf,12.624206060278249,0.5963615036004211
Unrineweginfectie,AggregateType.MAX,0.05,inf,2.3822177150790718,0.3863040830070514
Unrineweginfectie,AggregateType.MAX,0.1,inf,1.4112411441090407,0.2835134900340567
Unrineweginfectie,AggregateType.MAX,0.2,inf,0.6243527190100924,0.17896268359720502
Unrineweginfectie,AggregateType.MAX,0.3,inf,0.4447591730574178,0.15353288991449607
Unrineweginfectie,AggregateType.MAX,0.4,inf,0.43360860622313113,0.14085500697220357
Unrineweginfectie,AggregateType.MAX,0.5,inf,0.27916432451232537,0.10620652775759001
Unrineweginfectie,AggregateType.MAX,0.6,inf,0.24571877405877304,0.09368340550696957
Unrineweginfectie,AggregateType.MAX,0.7,inf,0.26795726050627594,0.09927847046948324
Unrineweginfectie,AggregateType.MAX,0.8,inf,0.20483793892433777,0.08201349083559124
Unrineweginfectie,AggregateType.MAX,0.9,inf,0.06294022777157436,0.02709900285954157
Unrineweginfectie,AggregateType.MIN,0.01,inf,1406.5939547601536,0.8135519572009235
Unrineweginfectie,AggregateType.MIN,0.05,inf,637.6225189141969,0.79142205578617
Unrineweginfectie,AggregateType.MIN,0.1,inf,285.84781090831746,0.7341007746661321
Unrineweginfectie,AggregateType.MIN,0.2,inf,131.96151179721193,0.6960818496323039
Unrineweginfectie,AggregateType.MIN,0.3,inf,138.2569101446218,0.6764688745563474
Unrineweginfectie,AggregateType.MIN,0.4,inf,102.7617219658539,0.7023344244732485
Unrineweginfectie,AggregateType.MIN,0.5,inf,68.496477079903,0.6769028389825884
Unrineweginfectie,AggregateType.MIN,0.6,inf,68.48145979447541,0.6796458620111523
Unrineweginfectie,AggregateType.MIN,0.7,inf,61.16667166266742,0.6551198066357176
Unrineweginfectie,AggregateType.MIN,0.8,inf,47.80407836077598,0.6118890221658109
Unrineweginfectie,AggregateType.MIN,0.9,inf,48.649545268913485,0.4402900882137404
Unrineweginfectie,AggregateType.SUM,0.01,inf,1.2279743678050845,0.1881321510246533
Unrineweginfectie,AggregateType.SUM,0.05,inf,0.3517914764061542,0.10108173826620888
Unrineweginfectie,AggregateType.SUM,0.1,inf,0.1581100570466445,0.055520686586137014
Unrineweginfectie,AggregateType.SUM,0.2,inf,0.1424167718291962,0.05647523137858622
Unrineweginfectie,AggregateType.SUM,0.3,inf,0.08218270837071662,0.034012283019552815
Unrineweginfectie,AggregateType.SUM,0.4,inf,0.06544084411567233,0.028171951923135596
Unrineweginfectie,AggregateType.SUM,0.5,inf,0.051745595516685505,0.022582949599091018
Unrineweginfectie,AggregateType.SUM,0.6,inf,0.05067853616895916,0.022637021986467033
Unrineweginfectie,AggregateType.SUM,0.7,inf,0.046744157503528304,0.020616670010878278
Unrineweginfectie,AggregateType.SUM,0.8,inf,0.018420679418221352,0.008938661650298753
Unrineweginfectie,AggregateType.SUM,0.9,inf,0.0026572279457426533,0.0013128907604319992
